-0.0039023,-0.01814,0.0018781
0.053761,-0.18584,0.02761
0.15297,-0.38258,0.060314
0.24358,-0.57426,0.091983
0.33917,-0.75591,0.11994
0.41303,-0.94892,0.14494
0.4905,-1.1444,0.15746
0.58549,-1.3072,0.18344
0.68483,-1.4451,0.21108
0.7736,-1.5839,0.23685
0.84825,-1.751,0.27523
0.91529,-1.9353,0.32657
0.98482,-2.108,0.37487
1.059,-2.2734,0.42496
1.1473,-2.429,0.48063
1.2187,-2.5792,0.53421
1.2563,-2.7337,0.5731
1.2958,-2.9058,0.60746
1.3569,-3.072,0.64365
1.431,-3.2335,0.68984
1.4991,-3.4188,0.73264
1.5791,-3.5974,0.76264
1.6813,-3.7479,0.79476
1.7707,-3.8743,0.81955
1.8175,-4.0111,0.82835
1.853,-4.1604,0.84232
1.8994,-4.3072,0.86394
1.9681,-4.4491,0.90129
2.0242,-4.5928,0.93886
2.0715,-4.743,0.96704
2.1156,-4.8887,0.99382
2.2051,-5.0016,1.0233
2.3268,-5.1071,1.0519
2.4569,-5.2116,1.0826
2.5765,-5.3255,1.101
2.6901,-5.4751,1.1135
2.7932,-5.6482,1.1382
2.8778,-5.8269,1.1734
2.9306,-6.0167,1.205
2.9937,-6.1729,1.2078
3.083,-6.3236,1.2036
3.1825,-6.517,1.2198
3.2978,-6.7142,1.2552
3.4327,-6.8984,1.2888
3.5599,-7.0568,1.3125
3.6623,-7.2093,1.3347
3.7471,-7.3638,1.3675
3.8479,-7.4897,1.4054
3.986,-7.5649,1.4308
4.1109,-7.6689,1.4656
4.2135,-7.8116,1.5006
4.3161,-7.9317,1.5246
4.4265,-8.0607,1.5447
4.5339,-8.1976,1.5606
4.6209,-8.308,1.5741
4.7145,-8.4518,1.5532
4.8262,-8.5914,1.5115
4.9275,-8.7418,1.4771
4.9489,-8.9653,1.4581
4.8857,-9.2579,1.4402
4.7961,-9.5565,1.4471
4.6597,-9.8882,1.5024
4.5137,-10.272,1.5643
4.4237,-10.625,1.6167
4.4242,-10.894,1.6515
4.4279,-11.121,1.6662
4.356,-11.369,1.7006
4.2449,-11.666,1.761
4.1339,-12.013,1.8134
3.9228,-12.357,1.8874
3.8138,-12.667,1.9574
3.789,-12.946,1.9982
3.7674,-13.202,2.0319
3.7715,-13.459,2.0608
3.7495,-13.729,2.0876
3.7078,-14.036,2.0982
3.6597,-14.35,2.102
3.6517,-14.642,2.094
3.6507,-14.914,2.0971
3.6458,-15.155,2.1155
3.6321,-15.404,2.145
3.605,-15.662,2.1723
3.5855,-15.911,2.2009
3.5558,-16.152,2.229
3.4613,-16.413,2.264
3.3405,-16.711,2.3216
3.3004,-16.953,2.3787
3.3103,-17.138,2.4741
3.3242,-17.322,2.5782
3.2949,-17.53,2.6907
3.242,-17.758,2.7891
3.2206,-17.993,2.8646
3.227,-18.209,2.9321
3.2336,-18.422,2.9884
3.2332,-18.621,3.0257
3.2134,-18.811,3.0593
3.1616,-19.025,3.092
3.0963,-19.275,3.1147
3.0524,-19.521,3.1234
3.0403,-19.732,3.145
3.0472,-19.911,3.1943
3.0389,-20.111,3.2395
3.0268,-20.337,3.2694
3.0179,-20.553,3.3011
3.0164,-20.75,3.331
2.9974,-20.937,3.3677
2.9526,-21.135,3.4092
2.9164,-21.332,3.4396
2.9032,-21.533,3.4573
2.8991,-21.731,3.469
2.893,-21.917,3.4839
2.8873,-22.087,3.4985
2.872,-22.269,3.5137
2.8396,-22.489,3.5243
2.8249,-22.698,3.5387
2.8316,-22.891,3.5499
2.7244,-23.16,3.5753
2.7409,-23.339,3.6018
2.7693,-23.507,3.6229
2.7557,-23.713,3.6329
2.7632,-23.918,3.6295
2.7717,-24.125,3.6435
2.7803,-24.303,3.6731
2.7967,-24.454,3.7022
2.8224,-24.614,3.7143
2.8395,-24.808,3.7123
2.8513,-25.029,3.7058
2.8546,-25.255,3.7147
2.8446,-25.505,3.7127
2.8184,-25.806,3.7008
2.7941,-26.13,3.6885
2.8095,-26.446,3.6929
2.8589,-26.737,3.7332
2.9003,-26.976,3.8008
2.906,-27.202,3.8612
2.9088,-27.433,3.9091
2.9014,-27.693,3.9578
2.891,-27.996,4.0019
2.6826,-28.372,4.0852
2.4796,-28.778,4.1595
2.3215,-29.151,4.2294
2.1615,-29.475,4.3131
2.1259,-29.741,4.3508
2.1433,-29.943,4.3496
2.1758,-30.103,4.3411
2.2319,-30.26,4.336
2.2722,-30.417,4.3248
2.252,-30.555,4.4433
2.2523,-30.709,4.6026
2.2361,-30.873,4.7109
2.1978,-31.047,4.79
2.1468,-31.216,4.8702
2.0353,-31.359,4.9611
1.9276,-31.491,5.0228
1.8068,-31.642,5.0762
1.7492,-31.803,5.1396
1.6795,-31.949,5.2315
1.6242,-32.063,5.3475
1.5456,-32.161,5.5192
1.4157,-32.271,5.7921
1.0671,-32.437,6.1096
0.67899,-32.628,6.416
0.45437,-32.789,6.6903
0.25958,-32.919,6.9225
0.088069,-33.051,7.1307
-0.074103,-33.193,7.3013
-0.21928,-33.333,7.424
-0.31693,-33.474,7.4758
-0.37933,-33.614,7.4622
-0.41453,-33.756,7.4304
-0.45099,-33.908,7.4192
-0.50142,-34.08,7.425
-0.55983,-34.268,7.4452
-0.63297,-34.459,7.4853
-0.71138,-34.649,7.5309
-0.78021,-34.84,7.5777
-0.84058,-35.03,7.6212
-0.89318,-35.217,7.6484
-0.94325,-35.407,7.6743
-0.99194,-35.598,7.7015
-1.0321,-35.788,7.7305
-1.0803,-35.978,7.7754
-1.1249,-36.168,7.8214
-1.168,-36.358,7.8562
-1.2071,-36.548,7.8932
-1.2512,-36.738,7.9244
-1.3166,-36.927,7.97
-1.3726,-37.118,8.0154
-1.4362,-37.308,8.0674
-1.4902,-37.497,8.1108
-1.5496,-37.688,8.1478
-1.6077,-37.878,8.1884
-1.6626,-38.068,8.2346
-1.7242,-38.258,8.2866
-1.7802,-38.448,8.3329
-1.8422,-38.637,8.3855
-1.8912,-38.827,8.4297
-1.9328,-39.017,8.4621
-1.9833,-39.207,8.5059
-2.0316,-39.397,8.5518
-2.075,-39.587,8.5925
-2.12,-39.777,8.6349
-2.1624,-39.967,8.6706
-2.196,-40.157,8.7092
-2.2345,-40.346,8.749
-2.2782,-40.537,8.7878
-2.3253,-40.726,8.8321
-2.3701,-40.916,8.8726
-2.4121,-41.106,8.9111
-2.4527,-41.296,8.946
-2.4982,-41.486,8.9888
-2.5545,-41.675,9.0454
-2.6123,-41.864,9.1009
-2.6655,-42.054,9.1464
-2.7116,-42.244,9.1829
-2.7576,-42.434,9.2194
-2.8051,-42.623,9.2584
-2.86,-42.813,9.3078
-2.9177,-43.002,9.36
-2.9723,-43.191,9.4083
-3.0262,-43.381,9.4549
-3.0713,-43.57,9.4935
-3.1215,-43.76,9.5363
-3.1752,-43.949,9.5791
-3.2321,-44.138,9.6297
-3.2841,-44.328,9.6747
-3.3332,-44.517,9.7129
-3.3849,-44.707,9.7526
-3.4359,-44.896,9.7926
-3.4879,-45.086,9.8312
-3.5477,-45.275,9.881
-3.6196,-45.463,9.9446
-3.6752,-45.652,9.9912
-3.7251,-45.842,10.032
-3.7784,-46.031,10.074
-3.8312,-46.221,10.116
-3.8937,-46.409,10.17
-3.9604,-46.598,10.227
-4.0212,-46.787,10.276
-4.0766,-46.976,10.32
-4.1344,-47.165,10.364
-4.1915,-47.354,10.408
-4.2494,-47.543,10.451
-4.3062,-47.732,10.497
-4.3663,-47.921,10.545
-4.4282,-48.11,10.593
-4.4912,-48.299,10.641
-4.551,-48.488,10.688
-4.6193,-48.676,10.742
-4.6995,-48.863,10.814
-4.7662,-49.052,10.871
-4.8276,-49.241,10.919
-4.8904,-49.429,10.968
-4.9541,-49.618,11.018
-5.0187,-49.807,11.069
-5.0853,-49.995,11.123
-5.1559,-50.184,11.179
-5.2231,-50.372,11.23
-5.2919,-50.56,11.287
-5.3551,-50.749,11.339
-5.433,-50.936,11.404
-5.524,-51.123,11.484
-5.6064,-51.31,11.552
-5.6793,-51.498,11.611
-5.7522,-51.686,11.666
-5.8267,-51.874,11.723
-5.9006,-52.062,11.782
-5.9898,-52.249,11.86
-6.0702,-52.436,11.927
-6.1457,-52.624,11.996
-6.2192,-52.811,12.062
-6.297,-52.999,12.127
-6.3715,-53.187,12.189
-6.448,-53.374,12.252
-6.5322,-53.562,12.324
-6.6195,-53.748,12.401
-6.6998,-53.936,12.466
-6.7795,-54.123,12.532
-6.8563,-54.311,12.597
-6.9478,-54.497,12.678
-7.0395,-54.684,12.755
-7.1339,-54.87,12.837
-7.2187,-55.057,12.909
-7.3041,-55.244,12.977
-7.3971,-55.431,13.053
-7.4892,-55.617,13.129
-7.5871,-55.803,13.213
-7.689,-55.989,13.3
-7.7804,-56.175,13.376
-7.8707,-56.362,13.451
-7.9694,-56.548,13.531
-8.0678,-56.734,13.613
-8.1648,-56.921,13.695
-8.2625,-57.107,13.772
-8.3609,-57.293,13.851
-8.4592,-57.479,13.931
-8.5589,-57.665,14.013
-8.6579,-57.851,14.094
-8.7579,-58.037,14.178
-8.8567,-58.223,14.261
-8.9639,-58.408,14.351
-9.0736,-58.594,14.441
-9.1783,-58.779,14.528
-9.2835,-58.965,14.619
-9.3893,-59.151,14.708
-9.5121,-59.335,14.813
-9.6489,-59.517,14.937
-9.7795,-59.7,15.053
-9.8931,-59.885,15.15
-10.009,-60.07,15.249
-10.13,-60.254,15.353
-10.252,-60.438,15.458
-10.382,-60.621,15.569
-10.502,-60.806,15.67
-10.625,-60.99,15.772
-10.749,-61.174,15.879
-10.873,-61.359,15.987
-11.005,-61.542,16.103
-11.137,-61.725,16.218
-11.273,-61.908,16.337
-11.405,-62.092,16.45
-11.538,-62.275,16.564
-11.668,-62.459,16.678
-11.811,-62.641,16.805
-11.963,-62.822,16.94
-12.122,-63.004,17.081
-12.269,-63.186,17.207
-12.41,-63.368,17.329
-12.556,-63.551,17.456
-12.704,-63.733,17.584
-12.859,-63.914,17.719
-13.012,-64.096,17.853
-13.164,-64.278,17.987
-13.322,-64.459,18.127
-13.483,-64.641,18.267
-13.645,-64.822,18.411
-13.807,-65.003,18.554
-13.97,-65.184,18.698
-14.141,-65.364,18.851
-14.311,-65.544,19.003
-14.481,-65.725,19.152
-14.659,-65.905,19.312
-14.836,-66.084,19.471
-15.022,-66.264,19.636
-15.211,-66.442,19.804
-15.392,-66.622,19.966
-15.578,-66.801,20.131
-15.767,-66.98,20.302
-15.962,-67.158,20.477
-16.162,-67.336,20.659
-16.361,-67.514,20.84
-16.561,-67.692,21.021
-16.772,-67.869,21.215
-16.977,-68.047,21.4
-17.197,-68.222,21.601
-17.413,-68.399,21.797
-17.627,-68.576,21.99
-17.85,-68.752,22.192
-18.073,-68.929,22.401
-18.295,-69.105,22.61
-18.522,-69.28,22.821
-18.752,-69.456,23.036
-18.988,-69.631,23.254
-19.227,-69.806,23.475
-19.471,-69.981,23.702
-19.72,-70.155,23.932
-19.983,-70.327,24.179
-20.251,-70.499,24.428
-20.516,-70.672,24.671
-20.784,-70.844,24.919
-21.056,-71.016,25.171
-21.334,-71.188,25.428
-21.614,-71.359,25.687
-21.913,-71.529,25.968
-22.208,-71.699,26.24
-22.511,-71.868,26.522
-22.82,-72.037,26.814
-23.128,-72.206,27.099
-23.442,-72.374,27.393
-23.761,-72.543,27.692
-24.088,-72.71,27.995
-24.419,-72.877,28.304
-24.759,-73.044,28.62
-25.106,-73.209,28.944
-25.473,-73.372,29.289
-25.837,-73.536,29.629
-26.204,-73.7,29.975
-26.589,-73.862,30.338
-26.981,-74.023,30.708
-27.367,-74.186,31.072
-27.767,-74.346,31.451
-28.198,-74.503,31.861
-28.623,-74.661,32.265
-29.042,-74.82,32.661
-29.485,-74.978,33.069
-29.948,-75.136,33.487
-30.435,-75.292,33.912
-31.002,-75.451,34.408
-31.61,-75.611,34.949
-32.225,-75.77,35.496
-32.846,-75.917,36.033
-33.475,-76.059,36.566
-34.073,-76.2,37.112
-34.677,-76.34,37.673
-35.219,-76.491,38.169
-35.612,-76.649,38.528
-35.861,-76.817,38.726
-35.954,-77.037,38.725
-35.748,-77.346,38.398
-34.954,-77.764,37.462
-33.248,-78.3,35.577
-30.496,-78.927,32.607
-26.7,-79.574,28.544
-21.92,-80.181,23.436
-16.021,-80.719,17.227
-8.8795,-81.158,9.8135
-0.52569,-81.433,1.1723
8.8739,-81.469,-8.4955
18.54,-81.236,-18.395
27.543,-80.772,-27.617
35.331,-80.115,-35.616
41.802,-79.321,-42.262
47.02,-78.432,-47.618
51.365,-77.479,-52.089
55.375,-76.443,-56.234
58.969,-75.261,-59.958
62.088,-73.907,-63.205
64.858,-72.421,-66.148
67.129,-70.9,-68.593
68.86,-69.429,-70.413
70.311,-68.056,-71.859
71.658,-66.751,-73.213
72.857,-65.522,-74.437
73.845,-64.402,-75.384
74.694,-63.405,-76.169
75.488,-62.502,-76.895
76.247,-61.637,-77.59
76.96,-60.761,-78.26
77.617,-59.878,-78.887
78.21,-59.043,-79.448
78.734,-58.313,-79.89
79.249,-57.636,-80.29
79.762,-56.997,-80.716
80.22,-56.465,-81.113
80.613,-56.102,-81.428
80.977,-55.912,-81.653
81.357,-55.8,-81.865
81.752,-55.668,-82.146
82.149,-55.525,-82.496
82.545,-55.469,-82.861
82.89,-55.564,-83.146
83.219,-55.694,-83.37
83.541,-55.744,-83.605
83.847,-55.751,-83.863
84.192,-55.803,-84.171
84.605,-55.917,-84.538
85.076,-56.041,-84.953
85.511,-56.128,-85.337
85.869,-56.173,-85.64
86.191,-56.207,-85.913
86.527,-56.253,-86.206
86.912,-56.326,-86.529
87.327,-56.421,-86.86
87.728,-56.531,-87.169
88.106,-56.652,-87.473
88.473,-56.76,-87.777
88.819,-56.819,-88.062
89.127,-56.812,-88.303
89.424,-56.785,-88.528
89.758,-56.797,-88.79
90.164,-56.849,-89.114
90.601,-56.917,-89.449
90.989,-56.989,-89.737
91.319,-57.027,-89.993
91.65,-57.01,-90.259
92.001,-57.002,-90.548
92.371,-57.039,-90.838
92.759,-57.081,-91.13
93.132,-57.096,-91.42
93.483,-57.095,-91.708
93.85,-57.098,-92
94.25,-57.12,-92.293
94.652,-57.161,-92.599
95.024,-57.205,-92.891
95.374,-57.24,-93.133
95.71,-57.262,-93.347
96.054,-57.273,-93.585
96.425,-57.269,-93.862
96.816,-57.267,-94.157
97.22,-57.284,-94.442
97.588,-57.313,-94.67
97.881,-57.343,-94.831
98.143,-57.36,-94.986
98.445,-57.358,-95.196
98.811,-57.348,-95.459
99.201,-57.333,-95.766
99.568,-57.317,-96.093
99.899,-57.289,-96.397
100.29,-57.256,-96.66
100.8,-57.238,-96.948
101.29,-57.232,-97.303
101.71,-57.237,-97.684
102.05,-57.244,-98.016
102.39,-57.241,-98.291
102.73,-57.214,-98.546
103.07,-57.18,-98.82
103.4,-57.154,-99.114
103.74,-57.138,-99.408
104.1,-57.129,-99.71
104.46,-57.117,-100.01
104.8,-57.093,-100.3
105.14,-57.063,-100.59
105.49,-57.033,-100.88
105.83,-57.001,-101.17
106.18,-56.969,-101.46
106.53,-56.948,-101.75
106.88,-56.929,-102.05
107.23,-56.896,-102.34
107.57,-56.86,-102.63
107.91,-56.823,-102.91
108.25,-56.786,-103.19
108.6,-56.747,-103.48
108.94,-56.717,-103.77
109.28,-56.682,-104.06
109.61,-56.639,-104.34
109.94,-56.598,-104.62
110.27,-56.554,-104.9
110.6,-56.512,-105.18
110.92,-56.468,-105.47
111.24,-56.424,-105.75
111.57,-56.377,-106.03
111.89,-56.331,-106.3
112.22,-56.286,-106.58
112.55,-56.237,-106.85
112.87,-56.194,-107.13
113.19,-56.145,-107.41
113.5,-56.093,-107.68
113.82,-56.04,-107.95
114.13,-55.987,-108.22
114.44,-55.933,-108.49
114.75,-55.88,-108.76
115.06,-55.826,-109.03
115.37,-55.771,-109.3
115.68,-55.714,-109.57
115.99,-55.656,-109.83
116.29,-55.598,-110.1
116.6,-55.538,-110.36
116.9,-55.477,-110.62
117.2,-55.416,-110.88
117.5,-55.353,-111.15
117.81,-55.291,-111.41
118.11,-55.226,-111.67
118.41,-55.167,-111.93
118.71,-55.105,-112.19
119.01,-55.039,-112.44
119.3,-54.972,-112.7
119.6,-54.904,-112.95
119.89,-54.836,-113.21
120.18,-54.767,-113.46
120.48,-54.698,-113.71
120.77,-54.627,-113.96
121.06,-54.556,-114.21
121.35,-54.485,-114.46
121.64,-54.416,-114.71
121.93,-54.345,-114.95
122.21,-54.273,-115.2
122.5,-54.199,-115.44
122.78,-54.124,-115.69
123.07,-54.05,-115.93
123.35,-53.977,-116.17
123.63,-53.9,-116.41
123.91,-53.823,-116.65
124.19,-53.745,-116.89
124.47,-53.666,-117.12
124.75,-53.588,-117.36
125.03,-53.507,-117.6
125.3,-53.424,-117.83
125.57,-53.343,-118.06
125.85,-53.26,-118.3
126.12,-53.178,-118.53
126.39,-53.097,-118.76
126.66,-53.012,-118.99
126.93,-52.926,-119.22
127.19,-52.84,-119.44
127.46,-52.753,-119.66
127.72,-52.666,-119.89
127.99,-52.578,-120.11
128.25,-52.489,-120.33
128.51,-52.399,-120.55
128.77,-52.309,-120.77
129.03,-52.218,-120.99
129.28,-52.127,-121.2
129.54,-52.038,-121.42
129.8,-51.946,-121.63
130.05,-51.853,-121.85
130.31,-51.759,-122.06
130.56,-51.665,-122.27
130.81,-51.571,-122.48
131.06,-51.479,-122.69
131.32,-51.385,-122.9
131.56,-51.287,-123.11
131.81,-51.191,-123.32
132.06,-51.094,-123.52
132.3,-50.995,-123.73
132.55,-50.897,-123.93
132.79,-50.797,-124.13
133.03,-50.7,-124.33
133.27,-50.601,-124.53
133.51,-50.5,-124.72
133.75,-50.398,-124.92
133.99,-50.297,-125.11
134.22,-50.195,-125.31
134.46,-50.096,-125.51
134.7,-49.994,-125.7
134.93,-49.891,-125.89
135.17,-49.788,-126.08
135.4,-49.683,-126.27
135.63,-49.578,-126.46
135.86,-49.471,-126.64
136.08,-49.365,-126.83
136.32,-49.267,-127.04
136.55,-49.16,-127.23
136.77,-49.051,-127.41
137,-48.943,-127.6
137.22,-48.834,-127.77
137.44,-48.725,-127.95
137.66,-48.619,-128.13
137.89,-48.51,-128.3
138.11,-48.402,-128.48
138.33,-48.291,-128.66
138.54,-48.18,-128.83
138.76,-48.068,-129
138.97,-47.956,-129.18
139.19,-47.843,-129.35
139.4,-47.731,-129.52
139.61,-47.617,-129.68
139.83,-47.505,-129.86
140.04,-47.392,-130.03
140.25,-47.279,-130.2
140.46,-47.164,-130.36
140.67,-47.049,-130.53
140.88,-46.934,-130.69
141.08,-46.818,-130.85
141.29,-46.702,-131.02
141.49,-46.586,-131.18
141.69,-46.467,-131.34
141.89,-46.349,-131.49
142.1,-46.231,-131.65
142.3,-46.114,-131.8
142.5,-45.995,-131.96
142.7,-45.876,-132.11
142.89,-45.756,-132.27
143.09,-45.636,-132.42
143.28,-45.515,-132.57
143.48,-45.395,-132.73
143.68,-45.275,-132.88
143.87,-45.155,-133.03
144.07,-45.037,-133.19
144.26,-44.914,-133.33
144.45,-44.792,-133.48
144.64,-44.67,-133.62
144.83,-44.548,-133.77
145.02,-44.424,-133.91
145.21,-44.3,-134.05
145.39,-44.177,-134.2
145.58,-44.052,-134.34
145.76,-43.927,-134.48
145.95,-43.801,-134.62
146.13,-43.676,-134.76
146.31,-43.55,-134.9
146.5,-43.424,-135.03
146.68,-43.3,-135.17
146.86,-43.173,-135.31
147.04,-43.045,-135.44
147.22,-42.918,-135.58
147.4,-42.791,-135.71
147.57,-42.664,-135.84
147.75,-42.535,-135.97
147.93,-42.409,-136.1
148.11,-42.283,-136.23
148.28,-42.156,-136.36
148.46,-42.027,-136.49
148.63,-41.897,-136.62
148.8,-41.765,-136.75
148.97,-41.634,-136.88
149.14,-41.505,-137.01
149.31,-41.373,-137.14
149.48,-41.24,-137.26
149.64,-41.108,-137.38
149.81,-40.976,-137.5
149.98,-40.845,-137.62
150.14,-40.712,-137.74
150.31,-40.579,-137.86
150.47,-40.447,-137.98
150.64,-40.315,-138.1
150.8,-40.183,-138.22
150.97,-40.05,-138.33
151.13,-39.917,-138.45
151.29,-39.783,-138.56
151.45,-39.651,-138.68
151.62,-39.518,-138.79
151.77,-39.382,-138.91
151.93,-39.247,-139.02
152.09,-39.112,-139.13
152.25,-38.976,-139.24
152.4,-38.838,-139.35
152.56,-38.703,-139.46
152.71,-38.568,-139.57
152.87,-38.429,-139.68
153.02,-38.294,-139.79
153.18,-38.16,-139.89
153.33,-38.024,-139.99
153.49,-37.887,-140.1
153.64,-37.749,-140.2
153.79,-37.612,-140.31
153.94,-37.475,-140.41
154.09,-37.339,-140.52
154.24,-37.202,-140.62
154.4,-37.065,-140.72
154.54,-36.926,-140.81
154.69,-36.787,-140.91
154.84,-36.65,-141.01
154.99,-36.512,-141.11
155.14,-36.373,-141.2
155.29,-36.237,-141.3
155.43,-36.095,-141.4
155.57,-35.956,-141.5
155.72,-35.817,-141.59
155.86,-35.675,-141.69
156,-35.535,-141.78
156.15,-35.395,-141.87
156.29,-35.254,-141.97
156.44,-35.117,-142.06
156.58,-34.978,-142.15
156.72,-34.838,-142.24
156.86,-34.695,-142.33
157,-34.555,-142.42
157.14,-34.413,-142.51
157.28,-34.272,-142.6
157.42,-34.13,-142.69
157.56,-33.987,-142.77
157.69,-33.844,-142.86
157.83,-33.701,-142.95
157.96,-33.558,-143.04
158.1,-33.413,-143.12
158.23,-33.269,-143.21
158.37,-33.125,-143.29
158.5,-32.981,-143.38
158.63,-32.836,-143.46
158.77,-32.692,-143.55
158.91,-32.551,-143.63
159.05,-32.41,-143.71
159.18,-32.268,-143.8
159.31,-32.124,-143.88
159.45,-31.981,-143.96
159.58,-31.84,-144.04
159.72,-31.697,-144.12
159.84,-31.551,-144.2
159.97,-31.406,-144.28
160.1,-31.261,-144.35
160.23,-31.116,-144.43
160.36,-30.972,-144.51
160.49,-30.827,-144.58
160.62,-30.679,-144.66
160.74,-30.531,-144.74
160.87,-30.385,-144.81
160.99,-30.238,-144.89
161.12,-30.091,-144.96
161.24,-29.945,-145.03
161.37,-29.799,-145.11
161.5,-29.654,-145.18
161.62,-29.505,-145.25
161.74,-29.359,-145.32
161.87,-29.218,-145.4
162,-29.073,-145.48
162.12,-28.925,-145.54
162.25,-28.779,-145.61
162.37,-28.631,-145.68
162.49,-28.483,-145.75
162.62,-28.341,-145.82
162.74,-28.196,-145.89
162.86,-28.047,-145.96
162.98,-27.899,-146.02
163.1,-27.749,-146.09
163.22,-27.6,-146.15
163.34,-27.452,-146.22
163.46,-27.302,-146.28
163.58,-27.156,-146.34
163.7,-27.008,-146.4
163.81,-26.851,-146.46
163.87,-26.551,-146.5
163.93,-26.109,-146.54
164.04,-25.624,-146.59
164.13,-25.164,-146.66
164.18,-24.923,-146.75
164.21,-24.855,-146.83
164.26,-24.765,-146.91
164.34,-24.595,-147.01
164.45,-24.407,-147.12
164.59,-24.223,-147.24
164.72,-24.07,-147.34
164.83,-23.95,-147.37
164.92,-23.839,-147.38
165.05,-23.736,-147.42
165.21,-23.632,-147.49
165.38,-23.506,-147.57
165.49,-23.37,-147.66
165.6,-23.253,-147.77
165.74,-23.151,-147.9
165.88,-23.033,-148.02
165.96,-22.904,-148.11
166.02,-22.789,-148.19
166.13,-22.682,-148.29
166.28,-22.569,-148.41
166.43,-22.461,-148.55
166.56,-22.357,-148.72
166.67,-22.27,-148.9
166.81,-22.186,-149.11
166.95,-22.079,-149.27
167.05,-21.937,-149.35
167.13,-21.779,-149.36
167.21,-21.62,-149.35
167.3,-21.461,-149.37
167.39,-21.293,-149.41
167.46,-21.122,-149.45
167.54,-20.958,-149.5
167.64,-20.804,-149.54
167.74,-20.654,-149.57
167.85,-20.52,-149.6
167.96,-20.387,-149.66
168.09,-20.255,-149.73
168.22,-20.128,-149.8
168.32,-19.998,-149.88
168.42,-19.853,-149.94
168.54,-19.701,-149.98
168.65,-19.552,-150.02
168.76,-19.391,-150.08
168.87,-19.225,-150.14
168.98,-19.057,-150.19
169.08,-18.886,-150.23
169.18,-18.73,-150.28
169.29,-18.582,-150.34
169.41,-18.434,-150.41
169.51,-18.28,-150.48
169.63,-18.137,-150.57
169.74,-17.979,-150.66
169.86,-17.813,-150.73
169.97,-17.648,-150.79
170.08,-17.479,-150.84
170.19,-17.317,-150.92
170.32,-17.16,-151.01
170.45,-17.006,-151.15
170.58,-16.855,-151.32
170.72,-16.711,-151.56
170.88,-16.593,-151.86
171.05,-16.472,-152.22
171.22,-16.338,-152.63
171.41,-16.205,-153.04
171.59,-16.061,-153.44
171.78,-15.923,-153.87
171.94,-15.762,-154.29
171.86,-15.395,-154.38
171.31,-14.761,-153.26
167.64,-14.151,-149
166.53,-13.145,-138.46
160.96,-11.094,-120.35
166.43,-6.9074,-99.082
157.7,0.37332,-78.519
173.73,8.4424,-58.16
153.38,14.466,-37.137
200.67,17.106,-14.924
49.064,16.886,6.4468
-203.67,14.686,29.655
-153.27,11.05,48.403
-176.58,6.5679,73.017
-154.57,1.5104,86.96
-174.54,-4.2041,116.64
-156.11,-9.8753,120.94
-193.41,-14.277,170.65
-100.32,-16.557,95.475
189.41,-16.585,-179.37
162.62,-14.607,-136.85
172.43,-10.83,-129.7
159.29,-5.7414,-101.17
166.57,0.052954,-87.218
159.81,5.8457,-64.283
171.23,10.907,-46.683
164.19,14.718,-25.277
183.55,16.823,-4.9398
-112.8,16.791,15.701
-189.31,14.665,37.061
-158.81,10.851,55.595
-171.58,5.7741,76.89
-159.13,0.019373,92.411
-170.39,-5.6223,116.25
-161.45,-10.539,127.1
-183.53,-14.266,162.36
-134.65,-16.297,129.33
170.85,-16.401,-161.89
170.19,-14.724,-146.94
169.82,-11.453,-129.69
162,-6.9106,-108.72
166.53,-1.6134,-91.642
158.81,3.8147,-72.457
172.34,8.8445,-54.463
157.48,13.02,-35.401
195.34,15.883,-16.19
89.045,17.002,3.5766
-194.08,16.102,23.021
-160.79,13.383,42.439
-174.19,9.3298,60.387
-160.54,4.4443,79.158
-168.36,-0.73726,95.74
-162.22,-5.8433,115.28
-171.83,-10.436,130.31
-168.1,-13.942,155.25
-178.46,-15.962,146.7
124.42,-16.328,-148.64
186.89,-15.079,-157.13
161.17,-12.362,-132.13
171.1,-8.4244,-117.09
158.79,-3.6251,-97.751
169.23,1.517,-81.601
157.56,6.3985,-63.471
177.21,10.595,-46.424
154.48,13.859,-28.171
206.41,15.942,-10.135
-21.355,16.485,8.4872
-206.23,15.347,27.22
-154.1,12.746,43.954
-178.36,8.9785,63.425
-157.07,4.3393,76.526
-172.7,-0.617,99.318
-157.49,-5.3034,106.32
-178.69,-9.461,138.35
-155.59,-12.857,131.22
-206.12,-15.099,193.81
35.467,-15.897,-34.2
205.03,-15.285,-190.61
156.14,-13.392,-127.9
175.99,-10.354,-135.23
160.66,-6.431,-103.38
165.34,-1.9115,-96.733
165.76,2.8246,-74.375
160.93,7.2748,-61.883
176.85,11.065,-43.231
156.06,13.934,-27.551
206.52,15.689,-10.018
-21.506,16.036,7.154
-206.54,14.907,24.241
-155.94,12.616,41.237
-177.87,9.3907,56.785
-160.68,5.4733,74.16
-168.59,1.195,87.246
-164.2,-3.195,107.06
-166.64,-7.3941,116.04
-171.41,-10.999,142.32
-169.86,-13.613,142.06
-178.31,-15.055,186.66
125.13,-15.306,-85.261
187.92,-14.472,-180.46
164.1,-12.661,-131.08
172.02,-9.8772,-133.16
162.94,-6.2654,-106.48
166.76,-2.1753,-98.39
163.03,2.0082,-78.734
167.59,5.9529,-66.4
165.54,9.4512,-49.539
173.09,12.334,-34.915
169.97,14.422,-18.851
178.78,15.463,-3.0166
-124.8,15.295,12.815
-187.89,13.971,28.447
-164.77,11.73,44.145
-171.96,8.7464,58.28
-165.59,5.1322,74.532
-165.49,1.2129,86.196
-168.79,-2.6618,105.16
-162.42,-6.3222,112.49
-177.99,-9.5995,138.3
-158.17,-12.218,135.19
-204.26,-13.968,183.44
-49.32,-14.763,86.993
204.94,-14.579,-186.25
159.05,-13.448,-143.01
179.02,-11.494,-144.62
162.78,-8.8167,-119.68
169.2,-5.4925,-112.09
164.71,-1.7752,-93.819
164.52,1.9479,-82.452
169.38,5.3848,-67.018
162.18,8.5002,-53.701
179.12,11.22,-39.22
157.55,13.329,-24.817
206.12,14.571,-10.319
35.598,14.776,4.2184
-206.62,14.029,18.653
-158.44,12.544,32.884
-180.2,10.43,46.888
-163.15,7.7437,61.007
-170.68,4.6422,73.53
-164.9,1.3096,88.747
-166.54,-2.1333,98.696
-168.82,-5.5273,117.35
-166.23,-8.5828,122.22
-176.87,-11.001,149.03
-166.4,-12.659,141.43
-190.9,-13.558,193.82
102.13,-13.777,-61.613
195.29,-13.346,-190.72
163.26,-12.25,-136.86
176.43,-10.487,-145.15
164.59,-8.1056,-118.36
169.83,-5.2592,-113.98
164.1,-2.1532,-95.629
168.66,1.0697,-86.257
164.32,4.1842,-71.6
171.95,6.9835,-59.816
163.96,9.4453,-46.523
180.4,11.53,-33.553
159.99,13.1,-20.464
205.25,13.935,-7.3012
-49.741,13.936,5.8431
-205.36,13.201,18.879
-159.64,11.906,31.755
-180.59,10.179,44.44
-164.29,7.9842,56.91
-172.59,5.347,69.666
-164.73,2.4666,80.625
-170.24,-0.45885,94.952
-164.85,-3.3536,103.04
-173.14,-6.0978,121.59
-164.69,-8.4889,123.6
-181.99,-10.389,151.8
-160.06,-11.747,138.54
-207.63,-12.589,198.56
35.516,-12.935,6.5849
207.03,-12.74,-199.86
159.3,-11.955,-139.9
181.42,-10.526,-153.32
164.36,-8.5961,-125.34
172.68,-6.3138,-123.63
165.77,-3.7836,-105.43
169.2,-1.1166,-97.769
166.73,1.4765,-83.939
168.74,3.9051,-73.556
168.01,6.219,-61.509
171.16,8.3616,-49.919
170.05,10.187,-38.273
176.45,11.571,-26.582
172.39,12.466,-14.865
179.62,12.826,-3.1391
-125.57,12.624,8.5514
-190.1,11.946,20.144
-167.73,10.922,31.598
-176.7,9.5573,42.907
-168.38,7.8201,54.047
-171.4,5.737,65.022
-168.21,3.3903,76
-168.65,0.95034,86.744
-169.55,-1.4246,97.422
-167.53,-3.7198,108.4
-173.26,-5.9301,118.68
-166.69,-7.9126,130.38
-180.87,-9.5247,139.89
-162.9,-10.674,152.89
-201.92,-11.346,161.63
-76.863,-11.573,167.57
200.39,-11.395,-132.9
164.44,-10.917,-175.09
181.72,-10.186,-148.6
168.08,-9.1011,-146.1
174.21,-7.6422,-130.39
168.11,-5.8875,-123.16
170.28,-3.929,-110.68
168.22,-1.8148,-101.73
169.58,0.4076,-90.759
168.37,2.5541,-81.024
170.92,4.4811,-70.613
167.84,6.2518,-60.459
175.08,7.8918,-50.298
166.78,9.3198,-40.111
183.52,10.431,-29.895
160.8,11.153,-19.667
207.83,11.504,-9.4526
35.611,11.528,0.73009
-208.27,11.241,10.854
-161.51,10.728,20.898
-184.29,9.9718,30.849
-167.66,8.8784,40.679
-176.02,7.4479,50.369
-168.85,5.7549,59.91
-171.9,3.9499,69.322
-169.27,2.162,78.674
-170.56,0.33864,87.99
-169.24,-1.5905,97.746
-171.42,-3.5179,105.85
-169.06,-5.2842,117.34
-175.17,-6.8225,122.72
-168.59,-8.0934,138.39
-182.59,-9.0667,137.71
-164.22,-9.742,162.7
-202.68,-10.169,146.78
-76.975,-10.391,202.83
200.93,-10.398,-20.585
165.48,-10.108,-200.79
183.05,-9.4911,-144.8
169.7,-8.5155,-160.86
176.21,-7.3606,-136.12
170.47,-6.1071,-137.14
172.74,-4.7234,-121.87
170.49,-3.2401,-116.95
171.01,-1.6916,-105.98
170.5,-0.20007,-98.44
170.42,1.2214,-89.322
170.68,2.6584,-80.722
171.04,4.1016,-72.154
171.56,5.434,-63.607
172.5,6.5903,-55.072
172.86,7.5868,-46.545
174.75,8.4662,-38.022
174.54,9.2037,-29.5
177.86,9.7108,-21
176.9,9.9708,-12.534
173.21,10.031,-4.1077
-136.83,9.9329,4.2692
-188.63,9.7179,12.587
-171.76,9.4057,20.848
-178.83,8.9081,29.041
-172.65,8.1974,37.139
-174.97,7.2733,45.126
-172.16,6.1286,52.995
-172.95,4.7597,60.758
-171.7,3.3104,68.458
-171.78,2.0074,76.139
-171.33,0.77231,83.8
-171.32,-0.56426,91.428
-171.98,-1.9927,99.028
-171.39,-3.3566,106.74
-173.85,-4.5808,114.41
-171.18,-5.7167,121.75
-177.58,-6.7664,129.93
-170,-7.6495,136.48
-184.67,-8.2663,145.93
-164.02,-8.6389,150.67
-205.37,-8.8368,162.64
-63.624,-8.89,163.91
204.55,-8.7706,176.18
164.91,-8.4934,-124.1
185.24,-8.0708,-183.62
171.1,-7.5606,-155.96
178.82,-7.0357,-159.43
172.69,-6.4476,-145.42
175.3,-5.7369,-142.45
172.82,-4.8683,-132.48
173.33,-3.8806,-127.06
172.63,-2.8278,-118.98
172.37,-1.741,-112.49
172.23,-0.62637,-105.23
172.23,0.46979,-98.315
172.3,1.4685,-91.435
172.38,2.4083,-84.584
172.53,3.3595,-77.768
172.8,4.2928,-70.979
173.38,5.1563,-64.218
173.76,5.9139,-57.482
174.42,6.5906,-50.772
174.86,7.1853,-44.084
175.67,7.7016,-37.419
176.3,8.1229,-30.783
177.27,8.4158,-24.178
177.67,8.5747,-17.613
180.5,8.632,-11.089
165.54,8.6293,-4.6056
-147.29,8.5626,1.838
-186.42,8.4343,8.2377
-174.66,8.2628,14.587
-179.49,8.003,20.884
-175.33,7.638,27.124
-176.89,7.1908,33.297
-174.87,6.6321,39.392
-175.29,5.9321,45.406
-174.3,5.1474,51.338
-174.24,4.3055,57.186
-173.66,3.4859,62.975
-173.33,2.7123,68.709
-173.05,1.9008,74.396
-172.85,1.0025,80.033
-172.78,0.057855,85.623
-172.83,-0.85287,91.167
-172.98,-1.7183,96.654
-173.24,-2.5906,102.08
-173.6,-3.4428,107.45
-174.14,-4.2344,112.8
-174.58,-4.9651,118.12
-175.06,-5.6543,123.41
-175.91,-6.2691,128.66
-176.11,-6.7744,134.38
-177.73,-7.1616,138.45
-177.11,-7.4204,145.88
-179.84,-7.5186,147.16
-178.19,-7.5108,158.66
-173.66,-7.5208,153.75
137.27,-7.4827,174.49
189.86,-7.374,154.3
173.71,-7.161,206.09
181.44,-6.9107,-21.612
175.91,-6.6867,-206.1
178.79,-6.4883,-154.36
176.3,-6.2477,-174.63
177.24,-5.9226,-154.02
176.14,-5.5587,-159.09
176.29,-5.1658,-147.82
175.75,-4.7135,-146.85
175.48,-4.2095,-139.81
175.23,-3.6646,-136.18
175.01,-3.0854,-130.99
174.8,-2.5067,-126.34
174.64,-1.9378,-121.74
174.5,-1.374,-117.2
174.37,-0.79864,-112.71
174.28,-0.2308,-108.26
174.22,0.29523,-103.85
174.13,0.80153,-99.495
174.05,1.3164,-95.177
174.03,1.8355,-90.9
174.07,2.3263,-86.655
174.1,2.7984,-82.443
174.14,3.2854,-78.266
174.2,3.7746,-74.123
174.3,4.2214,-70.016
174.42,4.6047,-65.944
174.59,4.9828,-61.901
174.78,5.3611,-57.889
174.97,5.6985,-53.908
175.19,5.9962,-49.958
175.45,6.2832,-46.044
175.76,6.5439,-42.159
176.05,6.76,-38.314
176.35,6.9635,-34.508
176.65,7.1576,-30.746
177.02,7.3408,-27.024
177.55,7.511,-23.337
177.27,7.6713,-19.689
178.78,7.8052,-16.082
176.99,7.896,-12.511
180.84,7.9817,-8.975
175.62,8.0655,-5.4749
184.49,8.141,-2.0181
171.33,8.2055,1.3991
193.02,8.246,4.7801
-102.9,8.2561,8.1079
-198.99,8.2422,11.379
-169.64,8.2096,14.6
-185.11,8.1687,17.773
-175.08,8.113,20.887
-181.09,8.0348,23.943
-176.84,7.9269,26.943
-179.05,7.7937,29.884
-177.42,7.6246,32.767
-177.98,7.4048,35.573
-177.47,7.1465,38.306
-177.28,6.8651,40.99
-177.1,6.5437,43.618
-176.99,6.2059,46.182
-176.86,5.8797,48.687
-176.69,5.4983,51.148
-176.5,5.0764,53.565
-176.36,4.7033,55.942
-176.21,4.3502,58.289
-176.02,4.0194,60.607
-175.82,3.6757,62.896
-175.65,3.301,65.151
-175.53,2.9225,67.375
-175.43,2.5439,69.566
-175.34,2.1726,71.719
-175.24,1.797,73.843
-175.15,1.4318,75.94
-175.08,1.0837,78.017
-175.04,0.71239,80.065
-175.02,0.321,82.085
-175.02,-0.0514,84.072
-175.03,-0.39248,86.031
-175.01,-0.71355,87.969
-174.99,-1.0711,89.88
-174.98,-1.4265,91.769
-175,-1.757,93.63
-175.05,-2.0932,95.461
-175.13,-2.4313,97.258
-175.23,-2.7473,99.02
-175.33,-3.0607,100.74
-175.39,-3.3791,102.43
-175.44,-3.6981,104.08
-175.51,-4.0277,105.68
-175.59,-4.3189,107.25
-175.68,-4.5904,108.77
-175.78,-4.888,110.26
-175.9,-5.1816,111.7
-176.04,-5.4263,113.11
-176.19,-5.6545,114.48
-176.37,-5.8966,115.82
-176.56,-6.1549,117.12
-176.72,-6.3942,118.4
-176.86,-6.608,119.64
-177,-6.8333,120.86
-177.16,-7.0692,122.04
-177.29,-7.2906,123.2
-177.38,-7.4936,124.32
-177.48,-7.6992,125.42
-177.58,-7.9001,126.5
-177.67,-8.096,127.54
-177.74,-8.2621,128.56
-177.84,-8.4081,129.54
-177.96,-8.527,130.5
-178.1,-8.6207,131.42
-178.23,-8.6897,132.31
-178.3,-8.7053,133.16
-178.33,-8.7175,133.98
-178.34,-8.7326,134.75
-178.39,-8.6644,135.49
-178.47,-8.561,136.2
-178.53,-8.4811,136.87
-178.57,-8.4211,137.5
-178.57,-8.3994,138.09
-178.57,-8.3635,138.65
-178.53,-8.2869,139.17
-178.49,-8.1697,139.64
-178.49,-8.0612,140.07
-178.48,-7.9869,140.44
-178.46,-7.8889,140.78
-178.46,-7.7771,141.09
-178.4,-7.7127,141.36
-178.28,-7.6775,141.59
-178.2,-7.5908,141.78
-178.08,-7.5511,141.91
-178.02,-7.489,142
-178.02,-7.439,142.05
-178.02,-7.3263,142.04
-177.95,-7.326,141.99
-177.91,-7.2272,141.93
-177.83,-7.1921,141.87
-177.73,-7.1098,141.83
-177.6,-7.0485,141.78
-177.56,-6.9561,141.75
-177.46,-6.9092,141.72
-177.38,-6.9441,141.69
-177.29,-6.9613,141.66
-177.24,-6.9769,141.64
-177.18,-6.909,141.61
-177.21,-6.8864,141.58
-177.25,-6.8557,141.54
-177.28,-6.8772,141.5
-177.31,-6.8788,141.47
-177.28,-6.9628,141.45
-177.28,-7.0029,141.42
-177.27,-7.0237,141.4
-177.27,-7.0436,141.37
-177.31,-6.9774,141.35
-177.34,-7.0301,141.31
-177.37,-7.0259,141.27
-177.36,-7.0179,141.25
-177.36,-6.9584,141.22
-177.38,-6.9489,141.2
-177.36,-6.9726,141.17
-177.33,-6.9798,141.14
-177.38,-6.9594,141.12
-177.45,-6.9669,141.09
-177.51,-6.9597,141.07
-177.5,-6.8695,141.04
-177.47,-6.8897,141.02
-177.45,-6.8503,140.99
-177.41,-6.8244,140.97
-177.45,-6.8121,140.95
-177.39,-6.8257,140.92
-177.36,-6.8149,140.89
-177.31,-6.8827,140.86
-177.28,-6.9457,140.83
-177.31,-6.9769,140.81
-177.32,-6.9773,140.78
-177.36,-6.9577,140.76
-177.38,-6.8978,140.74
-177.38,-6.8502,140.71
-177.38,-6.8961,140.69
-177.35,-6.8679,140.66
-177.36,-6.8442,140.64
-177.36,-6.8821,140.61
-177.42,-6.9137,140.59
-177.46,-6.9439,140.57
-177.51,-6.963,140.54
-177.54,-6.9906,140.51
-177.59,-6.9513,140.49
-177.62,-6.8542,140.47
-177.6,-6.8391,140.45
-177.55,-6.868,140.42
-177.49,-6.9154,140.39
-177.4,-6.9193,140.36
-177.41,-6.9154,140.33
-177.43,-6.8428,140.31
-177.45,-6.8324,140.29
-177.41,-6.8686,140.26
-177.44,-6.893,140.24
-177.51,-6.8297,140.22
-177.51,-6.8617,140.2
-177.46,-6.9016,140.17
-177.43,-6.8714,140.14
-177.37,-6.9287,140.1
-177.33,-6.9676,140.07
-177.3,-6.9928,140.04
-177.26,-6.971,140.02
-177.37,-6.8771,140
-177.41,-6.8262,139.98
-177.4,-6.8775,139.95
-177.41,-6.8795,139.93
-177.32,-6.796,139.9
-177.25,-6.7117,139.88
-177.26,-6.6628,139.86
-177.17,-6.688,139.83
-177.14,-6.6671,139.81
-177.12,-6.6802,139.78
-177.15,-6.6943,139.76
-177.24,-6.5794,139.75
-177.21,-6.5836,139.72
-177.19,-6.5763,139.69
-177.17,-6.5999,139.67
-177.18,-6.6511,139.64
-177.17,-6.6767,139.61
-177.16,-6.6968,139.59
-177.23,-6.6986,139.57
-177.23,-6.7618,139.54
-177.19,-6.8114,139.51
-177.17,-6.7882,139.49
-177.09,-6.7418,139.46
-177.1,-6.6284,139.44
-177.1,-6.589,139.42
-177.12,-6.638,139.4
-177.12,-6.6469,139.38
-177.09,-6.6842,139.35
-177.08,-6.6917,139.32
-177.13,-6.6433,139.31
-177.14,-6.6558,139.28
-177.17,-6.7076,139.26
-177.14,-6.7936,139.23
-177.17,-6.7959,139.21
-177.22,-6.8098,139.18
-177.25,-6.9026,139.15
-177.32,-6.9031,139.13
-177.3,-6.9068,139.1
-177.36,-6.8825,139.08
-177.36,-6.8801,139.05
-177.38,-6.8632,139.03
-177.37,-6.9258,139
-177.36,-6.9902,138.97
-177.34,-7.0054,138.95
-177.35,-6.8954,138.92
-177.36,-6.7891,138.9
-177.36,-6.7013,138.88
-177.36,-6.6322,138.86
-177.35,-6.5756,138.83
-177.33,-6.5879,138.81
-177.31,-6.6779,138.78
-177.25,-6.6953,138.75
-177.21,-6.7273,138.72
-177.25,-6.6824,138.7
-177.28,-6.6507,138.68
-177.32,-6.7062,138.66
-177.32,-6.7564,138.63
-177.32,-6.8079,138.6
-177.39,-6.8526,138.58
-177.43,-6.8506,138.56
-177.38,-6.9416,138.52
-177.35,-6.9924,138.49
-177.33,-7.044,138.46
-177.36,-7.032,138.44
-177.4,-7.0706,138.41
-177.44,-7.0244,138.39
-177.43,-6.9381,138.37
-177.48,-6.8634,138.35
-177.48,-6.8069,138.32
-177.46,-6.8669,138.29
-177.42,-6.8756,138.26
-177.37,-6.9309,138.22
-177.3,-6.9776,138.19
-177.28,-6.9617,138.16
-177.27,-6.9334,138.14
-177.29,-6.95,138.11
-177.28,-6.9756,138.08
-177.33,-6.9912,138.06
-177.36,-6.9167,138.04
-177.35,-6.9227,138.01
-177.36,-6.9158,137.99
-177.31,-6.9514,137.95
-177.26,-6.9869,137.92
-177.3,-6.9171,137.9
-177.35,-6.9072,137.88
-177.4,-6.8442,137.86
-177.38,-6.863,137.83
-177.39,-6.8643,137.8
-177.45,-6.8525,137.78
-177.44,-6.9124,137.75
-177.39,-6.9475,137.72
-177.33,-6.9613,137.69
-177.33,-6.9543,137.66
-177.36,-6.8956,137.64
-177.35,-6.9241,137.61
-177.36,-6.8824,137.58
-177.31,-6.8907,137.55
-177.34,-6.858,137.53
-177.41,-6.7375,137.51
-177.36,-6.7589,137.48
-177.32,-6.7424,137.46
-177.31,-6.7013,137.43
-177.27,-6.7876,137.4
-177.27,-6.8404,137.37
-177.3,-6.8995,137.35
-177.36,-6.8579,137.32
-177.37,-6.8238,137.3
-177.34,-6.8198,137.27
-177.38,-6.7236,137.25
-177.47,-6.6321,137.23
-177.55,-6.5522,137.21
-177.6,-6.4948,137.19
-177.64,-6.4462,137.16
-177.64,-6.4285,137.14
-177.61,-6.373,137.11
-177.54,-6.3931,137.08
-177.46,-6.4648,137.05
-177.38,-6.4921,137.02
-177.3,-6.5714,136.98
-177.22,-6.6509,136.95
-177.17,-6.6985,136.92
-177.21,-6.7811,136.89
-177.3,-6.802,136.87
-177.34,-6.7802,136.85
-177.36,-6.8237,136.82
-177.36,-6.7789,136.79
-177.32,-6.8062,136.76
-177.38,-6.7756,136.74
-177.43,-6.7368,136.72
-177.43,-6.6662,136.69
-177.42,-6.6418,136.67
-177.41,-6.7028,136.64
-177.42,-6.7317,136.61
-177.33,-6.7723,136.57
-177.32,-6.7943,136.55
-177.31,-6.8521,136.51
-177.34,-6.8579,136.49
-177.38,-6.8169,136.47
-177.32,-6.9173,136.43
-177.26,-6.9434,136.4
-177.29,-6.9532,136.37
-177.26,-6.951,136.34
-177.27,-6.8853,136.31
-177.28,-6.8997,136.29
-177.28,-6.8997,136.26
-177.31,-6.8935,136.23
-177.3,-6.8982,136.2
-177.41,-6.8558,136.19
-177.4,-6.8107,136.16
-177.36,-6.7854,136.13
-177.32,-6.8109,136.1
-177.28,-6.8298,136.06
-177.27,-6.852,136.04
-177.3,-6.8408,136.01
-177.36,-6.7963,135.99
-177.38,-6.8312,135.96
-177.35,-6.8636,135.93
-177.31,-6.8976,135.9
-177.33,-6.8554,135.87
-177.37,-6.8671,135.85
-177.39,-6.8222,135.82
-177.34,-6.8007,135.79
-177.38,-6.8067,135.77
-177.35,-6.8078,135.74
-177.33,-6.7885,135.71
-177.31,-6.7987,135.68
-177.34,-6.7543,135.66
-177.34,-6.7759,135.63
-177.34,-6.7331,135.6
-177.34,-6.7375,135.57
-177.32,-6.7746,135.54
-177.29,-6.825,135.51
-177.28,-6.9038,135.48
-177.3,-6.9184,135.45
-177.35,-6.9027,135.43
-177.4,-6.8955,135.4
-177.44,-6.8817,135.37
-177.47,-6.8822,135.35
-177.51,-6.8256,135.32
-177.52,-6.8015,135.29
-177.52,-6.817,135.26
-177.45,-6.8526,135.23
-177.41,-6.8676,135.2
-177.42,-6.8839,135.17
-177.4,-6.9407,135.13
-177.38,-6.9808,135.1
-177.31,-7.0441,135.07
-177.24,-6.9873,135.04
-177.23,-6.9794,135.01
-177.3,-6.9204,134.99
-177.28,-6.8668,134.96
-177.24,-6.8941,134.93
-177.26,-6.8629,134.91
-177.25,-6.8759,134.88
-177.24,-6.943,134.85
-177.23,-6.9492,134.82
-177.25,-6.8397,134.79
-177.3,-6.7743,134.77
-177.35,-6.7759,134.75
-177.26,-6.7807,134.72
-177.17,-6.7557,134.69
-177.14,-6.7679,134.66
-177.2,-6.6856,134.63
-177.18,-6.7096,134.6
-177.11,-6.7118,134.57
-177.04,-6.6907,134.54
-177.01,-6.6831,134.51
-177.04,-6.6069,134.49
-177.06,-6.5821,134.47
-177.05,-6.6352,134.44
-177.05,-6.5883,134.41
-177.04,-6.5775,134.38
-177,-6.5965,134.35
-177,-6.5345,134.33
-177.03,-6.531,134.3
-177.07,-6.617,134.27
-177.07,-6.6855,134.24
-177.15,-6.6988,134.21
-177.11,-6.7632,134.18
-177.08,-6.7347,134.16
-177.09,-6.6961,134.13
-177.1,-6.7353,134.1
-177.18,-6.7511,134.08
-177.16,-6.7756,134.04
-177.13,-6.7928,134.01
-177.15,-6.812,133.98
-177.11,-6.8223,133.95
-177.07,-6.8669,133.92
-177.07,-6.8589,133.89
-177.09,-6.8209,133.86
-177.1,-6.7946,133.84
-177.1,-6.7645,133.81
-177.1,-6.775,133.78
-177.13,-6.7873,133.75
-177.11,-6.7527,133.72
-177.09,-6.7607,133.69
-177.2,-6.7694,133.67
-177.26,-6.7863,133.65
-177.3,-6.8098,133.62
-177.33,-6.8358,133.58
-177.36,-6.8513,133.56
-177.39,-6.8686,133.53
-177.4,-6.8568,133.49
-177.34,-6.8172,133.46
-177.35,-6.7562,133.44
-177.32,-6.7125,133.41
-177.28,-6.7323,133.38
-177.25,-6.809,133.34
-177.2,-6.8089,133.31
-177.21,-6.802,133.28
-177.23,-6.7529,133.25
-177.21,-6.7527,133.22
-177.21,-6.7614,133.19
-177.19,-6.743,133.16
-177.16,-6.7901,133.13
-177.17,-6.7973,133.1
-177.15,-6.8564,133.07
-177.15,-6.8401,133.04
-177.18,-6.7248,133.02
-177.16,-6.7624,132.99
-177.21,-6.7116,132.97
-177.2,-6.76,132.94
-177.23,-6.7815,132.9
-177.35,-6.691,132.89
-177.32,-6.7439,132.86
-177.29,-6.796,132.82
-177.29,-6.8107,132.79
-177.26,-6.8222,132.76
-177.29,-6.7283,132.74
-177.27,-6.7182,132.71
-177.32,-6.7395,132.68
-177.32,-6.7925,132.65
-177.33,-6.7436,132.63
-177.24,-6.7352,132.58
-177.21,-6.731,132.54
-177.16,-6.7357,132.51
-177.15,-6.7988,132.48
-177.11,-6.8247,132.45
-177.1,-6.838,132.42
-177.13,-6.8124,132.39
-177.06,-6.7909,132.36
-177.03,-6.7789,132.33
-177.04,-6.7886,132.3
-177.08,-6.7462,132.28
-177.08,-6.7807,132.25
-177.09,-6.8176,132.21
-177.14,-6.7056,132.19
-177.15,-6.6841,132.17
-177.09,-6.7187,132.13
-177.01,-6.6686,132.1
-176.93,-6.6885,132.06
-176.92,-6.6644,132.03
-176.93,-6.6433,132
-176.89,-6.6767,131.97
-176.82,-6.6539,131.94
-176.86,-6.5994,131.92
-176.87,-6.5348,131.89
-176.82,-6.5797,131.86
-176.86,-6.6121,131.84
-176.87,-6.6712,131.8
-176.94,-6.6451,131.78
-176.99,-6.6107,131.76
-177.01,-6.6062,131.73
-177.02,-6.6322,131.7
-177.02,-6.6454,131.67
-177.03,-6.6621,131.64
-177.04,-6.6718,131.61
-177.04,-6.6841,131.57
-177,-6.7646,131.54
-176.94,-6.8117,131.5
-176.97,-6.7562,131.48
-177.05,-6.7545,131.45
-177.05,-6.7655,131.42
-177.01,-6.7812,131.39
-176.99,-6.7974,131.35
-177.07,-6.7297,131.33
-177.09,-6.6264,131.31
-177.11,-6.6147,131.28
-177.1,-6.6601,131.25
-177.14,-6.5874,131.22
-177.11,-6.6075,131.19
-177.11,-6.6442,131.16
-177.15,-6.608,131.14
-177.15,-6.6405,131.1
-177.11,-6.6692,131.06
-177.13,-6.7171,131.03
-177.15,-6.773,131
-177.12,-6.798,130.96
-177.09,-6.7946,130.93
-177.15,-6.7235,130.91
-177.19,-6.7197,130.88
-177.15,-6.7051,130.85
-177.18,-6.6605,130.82
-177.16,-6.6768,130.79
-177.13,-6.7629,130.75
-177.18,-6.7537,130.73
-177.21,-6.7923,130.69
-177.24,-6.7592,130.67
-177.25,-6.7556,130.63
-177.28,-6.7182,130.6
-177.29,-6.7117,130.57
-177.26,-6.6723,130.54
-177.32,-6.6155,130.52
-177.29,-6.6681,130.48
-177.28,-6.7105,130.44
-177.25,-6.7324,130.41
-177.21,-6.7713,130.37
-177.21,-6.7928,130.34
-177.22,-6.761,130.31
-177.2,-6.7227,130.28
-177.21,-6.7051,130.25
-177.23,-6.6718,130.22
-177.22,-6.692,130.19
-177.26,-6.6197,130.16
-177.24,-6.5904,130.13
-177.21,-6.5967,130.1
-177.18,-6.6611,130.06
-177.22,-6.6135,130.04
-177.26,-6.5487,130.01
-177.23,-6.5517,129.98
-177.24,-6.5624,129.95
-177.23,-6.6148,129.91
-177.22,-6.6449,129.88
-177.19,-6.6134,129.85
-177.14,-6.6684,129.81
-177.15,-6.6952,129.78
-177.22,-6.7046,129.75
-177.14,-6.7064,129.73
-176.9,-6.7838,129.72
-176.61,-6.9309,129.8
-175.97,-7.3242,130.03
-175.16,-7.8569,130.4
-174.52,-8.0489,130.84
-174.46,-8.1035,131.46
-174.82,-8.4354,132.08
-174.9,-8.8033,132.24
-174.68,-8.9848,131.98
-174.33,-9.0668,131.73
-174.03,-9.0053,131.65
-173.94,-9.0375,131.65
-173.83,-8.9768,131.62
-173.6,-8.914,131.57
-173.42,-8.8284,131.54
-173.18,-8.7301,131.51
-172.98,-8.7047,131.49
-172.95,-8.6317,131.46
-172.97,-8.6276,131.42
-172.96,-8.6909,131.35
-172.96,-8.7207,131.24
-173.01,-8.7869,131.09
-173.13,-8.8539,130.9
-173.24,-8.83,130.7
-173.31,-8.8791,130.5
-173.31,-9.0252,130.25
-173.39,-8.9682,130.03
-173.48,-8.9398,129.86
-173.64,-8.8066,129.78
-173.7,-8.7419,129.76
-173.77,-8.7788,129.75
-173.93,-8.7837,129.73
-174.08,-8.723,129.7
-174.25,-8.5651,129.68
-174.36,-8.5057,129.65
-174.49,-8.469,129.6
-174.65,-8.4154,129.54
-174.77,-8.4015,129.49
-174.85,-8.2834,129.48
-174.93,-8.1033,129.5
-175.08,-7.9165,129.54
-175.19,-7.8529,129.57
-175.27,-7.8293,129.56
-175.33,-7.8283,129.51
-175.43,-7.7578,129.48
-175.54,-7.6703,129.46
-175.58,-7.6075,129.41
-175.5,-7.6365,129.35
-175.42,-7.7122,129.3
-175.34,-7.7568,129.26
-175.3,-7.7822,129.2
-175.29,-7.8175,129.11
-175.43,-7.7345,129.02
-175.55,-7.6886,128.94
-175.58,-7.6773,128.88
-175.59,-7.6717,128.82
-175.6,-7.748,128.73
-175.72,-7.6711,128.68
-175.74,-7.5917,128.62
-175.71,-7.4354,128.56
-175.71,-7.4004,128.5
-175.63,-7.4918,128.44
-175.54,-7.5837,128.36
-175.48,-7.5982,128.27
-175.42,-7.658,128.19
-175.36,-7.6363,128.15
-175.43,-7.5779,128.15
-175.44,-7.625,128.14
-175.49,-7.7262,128.09
-175.58,-7.7322,128.02
-175.64,-7.686,127.94
-175.67,-7.6911,127.84
-175.66,-7.6766,127.76
-175.58,-7.7911,127.69
-175.53,-7.7497,127.62
-175.5,-7.7633,127.55
-175.4,-7.8741,127.46
-175.4,-7.9418,127.39
-175.34,-7.9398,127.32
-175.28,-7.9314,127.26
-175.31,-7.9239,127.22
-175.25,-7.9301,127.17
-175.24,-7.9187,127.12
-175.16,-7.9457,127.06
-175.19,-7.9116,127.02
-175.13,-7.8793,126.98
-175.08,-7.9516,126.92
-175.11,-7.9442,126.86
-175.25,-7.8388,126.81
-175.49,-7.7559,126.88
-175.06,-7.7762,126.47
-175.93,-7.8492,127.03
-174.34,-7.7593,125.77
-177.02,-7.8195,127.58
-172.9,-7.5804,124.54
-179.41,-7.8075,129.15
-169,-7.3428,121.63
-187.73,-8.1386,135.11
